id;name;birthday;phone_number;gender;profile_img_url;cover_img_url;star
1;Bedfordshire indigo radical;2020-03-10;Cotton Rand PCI;FEMALE;Shoes;Analyst;false
2;Monitored bypassing Orchestrator;2020-03-10;drive Avon USB;MALE;partnerships rich Iowa;Intranet South Dakota;false
3;generate;2020-03-10;open-source emulation;FEMALE;port Maine parsing;bypassing;true
4;Beauty functionalities Nevada;2020-03-09;quantify Electronics invoice;FEMALE;array Practical;synthesizing;true
5;Advanced;2020-03-10;program Legacy;FEMALE;Marketing Savings Account Pre-emptive;online repurpose;false
6;Kentucky collaborative deposit;2020-03-10;clear-thinking Rustic;FEMALE;experiences Central;synthesize;false
7;copying deposit;2020-03-10;back up superstructure transition;FEMALE;compress Virgin Islands, British Health;cutting-edge cross-platform Intranet;true
8;Ukraine;2020-03-10;infomediaries Ferry Distributed;FEMALE;infomediaries;Massachusetts;false
9;generate killer uniform;2020-03-10;Ridges;FEMALE;Sleek Steel Chair withdrawal;models compressing Direct;false
10;Triple-buffered Global 24/7;2020-03-10;Shoes Belarussian Ruble SQL;MALE;Generic Frozen Hat Checking Account;Alabama invoice;false
